{"name":"t:sections.footer.name","type":"footer","sections":{"newsletter":{"type":"newsletter","blocks":{"heading":{"type":"heading","settings":{"heading":"Subscribe to our emails","heading_size":"h1"}},"paragraph":{"type":"paragraph","settings":{"text":"<p>Join our email list for exclusive offers and the latest news. <\/p>"}}},"block_order":["heading","paragraph"],"settings":{"color_scheme":"scheme-2","full_width":true,"padding_top":44,"padding_bottom":8}},"footer":{"type":"footer","settings":{"color_scheme":"scheme-2","newsletter_enable":false,"newsletter_heading":"Subscribe to our emails","enable_follow_on_shop":true,"show_social":true,"enable_country_selector":true,"enable_language_selector":true,"payment_enable":false,"show_policy":true,"margin_top":0,"padding_top":44,"padding_bottom":48}}},"order":["newsletter","footer"]}