{"sections":{"image-with-text":{"type":"image-with-text","blocks":{"heading":{"type":"heading","settings":{"heading":"IT'S MORE THAN SKIN CARE","heading_size":"h0"}},"button":{"type":"button","settings":{"button_label":"Shop now","button_link":"shopify:\/\/collections\/all","button_style_secondary":false}}},"block_order":["heading","button"],"settings":{"image":"shopify:\/\/shop_images\/3c3309abe02464592a591738ecedd56e.jpg","height":"large","desktop_image_width":"large","layout":"text_first","desktop_content_position":"middle","desktop_content_alignment":"center","content_layout":"overlap","section_color_scheme":"scheme-1","color_scheme":"scheme-2","image_behavior":"none","mobile_content_alignment":"left","padding_top":44,"padding_bottom":40}},"slideshow_zqTMXK":{"type":"slideshow","blocks":{"slide_x34z93":{"type":"slide","settings":{"image":"shopify:\/\/shop_images\/Blue_Discount_Promo_Instagram_Post.png","heading":"","heading_size":"h1","subheading":"","button_label":"","link":"","button_style_secondary":false,"box_align":"middle-center","show_text_box":false,"text_alignment":"center","image_overlay_opacity":0,"color_scheme":"scheme-1","text_alignment_mobile":"center"}},"slide_Btj8mK":{"type":"slide","settings":{"image":"shopify:\/\/shop_images\/1.jpg","heading":"Deep hydration for a plump, youthful look","heading_size":"h1","subheading":"","button_label":"View","link":"shopify:\/\/collections\/jewlry","button_style_secondary":false,"box_align":"middle-center","show_text_box":false,"text_alignment":"center","image_overlay_opacity":0,"color_scheme":"","text_alignment_mobile":"center"}},"slide_MNKnDm":{"type":"slide","settings":{"image":"shopify:\/\/shop_images\/2.jpg","heading":"Delightful natural scent that soothes the senses","heading_size":"h2","subheading":"","button_label":"View","link":"shopify:\/\/collections\/clothes","button_style_secondary":false,"box_align":"middle-center","show_text_box":false,"text_alignment":"center","image_overlay_opacity":0,"color_scheme":"","text_alignment_mobile":"center"}},"slide_7xYazb":{"type":"slide","settings":{"image":"shopify:\/\/shop_images\/3_3cd2f1a5-ab48-486b-a0f2-074044d19bda.jpg","heading":"Makes hair easier to style and control.","heading_size":"h1","subheading":"","button_label":"View","link":"shopify:\/\/collections\/frontpage","button_style_secondary":false,"box_align":"middle-center","show_text_box":false,"text_alignment":"center","image_overlay_opacity":0,"color_scheme":"scheme-1","text_alignment_mobile":"center"}}},"block_order":["slide_x34z93","slide_Btj8mK","slide_MNKnDm","slide_7xYazb"],"settings":{"layout":"grid","slide_height":"medium","slider_visual":"counter","auto_rotate":true,"change_slides_speed":3,"image_behavior":"ambient","show_text_below":true,"accessibility_info":"Diaporama sur votre marque"}}},"order":["image-with-text","slideshow_zqTMXK"]}